transaction_date,stock,transaction_type,quantity,price
2016-01-26,MSFT,BUY,20,104.16
2009-09-24,JPM,BUY,28,103.65
2020-08-14,JPM,BUY,26,129.91
2016-02-29,MSFT,SELL,47,140.51
2011-04-07,GOOGL,SELL,10,242.83
2022-04-18,AAPL,SELL,13,64.93
2023-11-22,MSFT,BUY,33,127.56
2011-09-06,GOOGL,BUY,14,279.38
2015-11-05,GOOGL,SELL,17,133.23
2019-06-10,GOOGL,BUY,46,191.07
2017-04-26,AAPL,BUY,48,95.6
2007-02-06,GOOGL,BUY,48,142.88
2011-04-01,MSFT,BUY,5,178.32
2024-06-21,MSFT,SELL,47,113.79
2010-02-12,JPM,SELL,43,268.27
2023-09-26,JPM,BUY,23,56.68
2007-03-23,MSFT,SELL,49,162.09
2010-05-21,MSFT,BUY,23,270.86
2014-01-23,JPM,BUY,13,244.48
2017-11-16,MSFT,BUY,29,187.39
2017-07-13,MSFT,SELL,9,272.98
2009-11-05,MSFT,BUY,13,245.82
2021-02-16,AAPL,SELL,27,110.27
2019-05-24,MSFT,BUY,16,66.91
2018-08-09,AAPL,BUY,23,114.85
2021-08-10,GOOGL,BUY,26,157.3
2011-12-07,JPM,BUY,28,157.79
2006-12-07,JPM,BUY,18,177.62
2007-05-14,MSFT,BUY,37,191.03
2015-01-12,JPM,BUY,42,83.68
2019-08-07,GOOGL,SELL,22,253.55
2008-12-24,GOOGL,SELL,7,245.78
2010-02-17,GOOGL,BUY,39,163.93
2016-12-14,JPM,BUY,12,237.05
2007-09-06,MSFT,SELL,31,285.83
2009-09-30,GOOGL,BUY,32,160.02
2006-09-28,MSFT,BUY,19,65.48
2019-06-28,AAPL,BUY,17,290.7
2014-12-26,AAPL,BUY,23,108.93
2012-08-08,JPM,SELL,15,272.4
2007-09-14,AAPL,BUY,25,180.82
2022-06-09,MSFT,BUY,8,62.31
2009-06-15,GOOGL,BUY,31,130.58
2007-07-26,MSFT,BUY,17,67.98
2007-10-29,MSFT,SELL,30,249.24
2024-02-14,JPM,SELL,34,175.01
2019-12-25,AAPL,BUY,48,84.37
2007-04-27,JPM,SELL,32,182.0
2016-07-29,JPM,BUY,17,81.43
2017-05-15,AAPL,BUY,42,168.22
2012-06-26,MSFT,BUY,13,140.03
2023-03-06,JPM,BUY,10,74.0
2013-02-19,AAPL,BUY,49,223.3
2019-12-04,GOOGL,BUY,15,283.22
2017-01-31,GOOGL,BUY,33,70.53
2009-06-25,MSFT,BUY,22,145.09
2011-08-17,MSFT,SELL,39,84.2
2021-12-22,JPM,BUY,42,132.73
2013-09-18,AAPL,BUY,38,120.83
2024-01-11,JPM,SELL,45,280.58
2019-11-04,JPM,BUY,29,61.75
2016-10-12,AAPL,BUY,29,73.27
2015-09-11,GOOGL,SELL,19,73.62
2007-08-10,AAPL,SELL,16,150.68
2007-04-03,GOOGL,BUY,27,228.38
2010-04-29,AAPL,SELL,36,77.16
2021-07-13,JPM,BUY,47,102.17
2013-06-21,MSFT,BUY,43,175.98
2023-06-13,JPM,BUY,5,168.93
2014-06-16,JPM,BUY,20,240.08
2007-10-31,AAPL,BUY,48,126.75
2019-12-19,AAPL,BUY,28,205.47
2015-09-16,JPM,BUY,7,73.89
2007-03-20,GOOGL,BUY,45,130.26
2020-11-27,MSFT,BUY,46,224.43
2005-11-07,GOOGL,SELL,14,60.79
2019-12-06,MSFT,BUY,29,215.07
2006-07-17,AAPL,BUY,12,243.34
2014-02-17,JPM,BUY,17,172.64
2008-07-07,AAPL,BUY,20,247.55
2022-12-12,GOOGL,SELL,39,267.29
2015-11-05,AAPL,SELL,9,144.14
2024-04-19,AAPL,BUY,7,290.13
2005-12-22,MSFT,SELL,17,64.01
2016-11-01,AAPL,SELL,12,190.22
2020-12-15,GOOGL,BUY,48,291.76
2011-12-19,JPM,SELL,33,171.88
2021-09-13,AAPL,BUY,21,102.18
2007-06-21,MSFT,BUY,47,63.9
2012-04-19,GOOGL,SELL,13,112.91
2012-01-02,JPM,BUY,39,269.18
2017-11-27,JPM,SELL,12,268.51
2020-04-21,AAPL,BUY,44,222.46
2020-09-29,AAPL,BUY,7,150.11
2022-01-07,JPM,BUY,36,60.87
2013-07-10,JPM,BUY,21,184.78
2016-07-19,AAPL,BUY,45,98.14
2005-09-19,JPM,BUY,46,231.35
2023-08-21,JPM,BUY,19,103.09
2020-03-27,JPM,SELL,29,278.48
2006-04-07,AAPL,SELL,19,169.46
2022-07-18,MSFT,BUY,45,71.74
2021-01-21,AAPL,BUY,14,157.52
2006-12-04,GOOGL,BUY,34,129.76
2021-08-24,AAPL,BUY,28,251.74
2017-07-13,JPM,BUY,47,139.85
2015-11-12,AAPL,BUY,21,204.61
2013-04-24,GOOGL,BUY,6,222.9
2006-05-22,MSFT,BUY,31,117.65
2017-05-02,MSFT,BUY,37,90.43
2014-08-22,MSFT,BUY,48,289.43
2015-08-20,MSFT,BUY,26,122.99
2006-02-16,JPM,SELL,22,160.29
2014-04-29,AAPL,BUY,9,133.42
2015-03-05,GOOGL,BUY,38,224.97
2024-08-14,MSFT,SELL,25,281.5
2020-03-06,JPM,SELL,9,281.59
2019-10-24,GOOGL,BUY,43,75.07
2007-06-15,MSFT,SELL,16,292.09
2016-08-12,AAPL,SELL,6,176.27
2020-10-08,AAPL,BUY,32,147.73
2008-10-02,GOOGL,SELL,49,112.91
2016-05-18,GOOGL,BUY,9,234.7
2014-01-27,GOOGL,BUY,10,78.47
2018-06-15,MSFT,BUY,8,271.22
2019-02-11,MSFT,SELL,46,142.98
2010-01-25,MSFT,SELL,43,73.81
2021-09-16,JPM,BUY,30,212.12
2012-01-09,JPM,BUY,40,122.08
2018-02-01,GOOGL,BUY,44,195.01
2008-06-30,AAPL,SELL,42,189.4
2020-05-04,MSFT,BUY,23,251.55
2023-03-10,JPM,BUY,25,89.37
2014-12-26,GOOGL,SELL,10,104.23
2013-07-26,JPM,BUY,43,90.59
2019-11-04,JPM,BUY,6,78.04
2005-04-25,GOOGL,BUY,12,217.39
2011-06-03,GOOGL,BUY,9,215.37
2011-06-03,MSFT,BUY,9,127.16
2006-10-17,GOOGL,BUY,32,210.6
2018-12-13,JPM,BUY,37,256.55
2016-10-04,AAPL,SELL,34,279.51
2020-02-06,GOOGL,SELL,9,128.33
2011-01-31,MSFT,SELL,14,285.84
2009-03-17,GOOGL,BUY,38,200.49
2007-05-25,AAPL,BUY,34,91.31
2018-02-08,AAPL,BUY,39,57.46
2019-03-06,GOOGL,BUY,8,268.28
2018-03-21,MSFT,SELL,37,199.39
2019-06-12,AAPL,BUY,34,268.91
2005-06-23,AAPL,SELL,22,168.67
2005-04-08,AAPL,SELL,12,128.29
2015-11-23,AAPL,BUY,30,118.83
2021-02-22,GOOGL,BUY,12,114.63
2018-01-26,AAPL,BUY,12,152.92
2018-07-26,JPM,BUY,36,123.21
2022-07-13,AAPL,SELL,24,69.3
2023-01-27,JPM,BUY,17,132.92
2015-05-11,MSFT,SELL,18,180.2
2009-11-05,AAPL,BUY,33,172.45
2017-07-12,JPM,BUY,29,127.99
2016-05-27,GOOGL,BUY,11,193.55
2023-12-19,AAPL,BUY,37,60.15
2015-07-08,AAPL,BUY,42,167.57
2005-04-25,MSFT,BUY,41,219.35
2024-01-08,MSFT,BUY,37,242.09
2020-06-26,JPM,BUY,25,200.72
2014-12-09,JPM,SELL,15,112.58
2016-05-17,MSFT,SELL,18,216.5
2021-01-07,AAPL,SELL,27,217.7
2008-10-07,JPM,BUY,39,290.76
2022-08-23,GOOGL,BUY,44,180.93
2010-06-07,JPM,BUY,24,267.99
2016-04-07,AAPL,SELL,22,166.31
2021-08-17,GOOGL,SELL,40,127.88
2007-09-12,AAPL,BUY,32,161.53
2020-04-15,JPM,BUY,45,115.54
2013-08-02,GOOGL,BUY,30,258.61
2013-01-16,JPM,BUY,13,137.23
2023-01-16,GOOGL,BUY,14,78.32
2018-01-01,MSFT,BUY,33,263.46
2007-11-29,JPM,BUY,35,238.54
2019-06-13,JPM,BUY,21,262.15
2007-01-18,MSFT,SELL,37,266.57
2009-12-16,AAPL,SELL,24,92.06
2011-06-06,MSFT,SELL,9,103.62
2013-07-02,JPM,BUY,42,266.39
2009-05-22,MSFT,SELL,21,100.57
2024-09-12,AAPL,BUY,43,57.63
2017-10-27,MSFT,BUY,34,137.32
2018-11-16,MSFT,BUY,22,93.18
2006-03-28,AAPL,BUY,24,196.87
2010-06-14,MSFT,SELL,37,66.8
2007-03-06,GOOGL,BUY,48,62.98
2005-09-02,AAPL,SELL,27,280.48
2023-04-25,AAPL,SELL,10,225.19
2005-09-23,GOOGL,BUY,9,169.79
2011-08-24,GOOGL,BUY,49,244.45
2017-02-21,AAPL,BUY,20,249.7
2011-12-21,GOOGL,SELL,47,141.41
2023-09-26,GOOGL,SELL,34,187.42
2010-03-05,JPM,BUY,9,177.29
2018-12-26,AAPL,BUY,8,150.69
2010-02-08,MSFT,BUY,29,244.35
2021-07-26,AAPL,BUY,21,206.25
2009-04-10,AAPL,SELL,40,66.66
2010-11-29,AAPL,SELL,44,284.73
2015-11-06,MSFT,SELL,5,244.04
2012-10-30,AAPL,BUY,33,225.0
2016-01-27,GOOGL,SELL,25,58.48
2006-05-25,MSFT,BUY,24,159.61
2019-09-10,JPM,SELL,6,164.17
2016-07-14,AAPL,BUY,16,293.82
2013-12-20,MSFT,BUY,42,276.45
2018-01-11,JPM,BUY,39,297.96
2013-10-18,GOOGL,SELL,16,226.01
2013-04-25,MSFT,BUY,40,143.37
2020-09-25,GOOGL,BUY,29,138.02
2014-11-14,AAPL,BUY,22,259.13
2020-04-16,JPM,BUY,8,204.84
2024-08-27,AAPL,BUY,35,246.91
2024-12-02,GOOGL,SELL,16,185.88
2007-09-11,MSFT,BUY,21,67.56
2017-05-03,JPM,SELL,32,282.81
2021-01-11,JPM,SELL,20,220.64
2020-05-01,MSFT,BUY,23,216.72
2024-01-30,MSFT,SELL,17,226.3
2011-02-24,GOOGL,BUY,30,251.35
2018-10-29,JPM,BUY,43,292.91
2015-11-13,GOOGL,BUY,38,172.04
2024-08-12,JPM,BUY,30,278.94
2018-07-20,MSFT,BUY,20,277.81
2017-10-02,GOOGL,BUY,20,217.0
2019-06-26,MSFT,SELL,9,66.54
2021-02-17,AAPL,SELL,35,253.7
2018-01-16,AAPL,BUY,15,122.09
2011-06-20,JPM,BUY,45,104.32
2023-09-15,GOOGL,BUY,34,293.01
2016-10-19,GOOGL,BUY,23,123.52
2010-04-07,AAPL,SELL,6,98.15
2024-04-22,AAPL,BUY,6,103.31
2019-09-17,MSFT,BUY,8,249.22
2007-01-23,AAPL,BUY,29,273.62
2011-03-30,JPM,BUY,19,86.16
2024-11-08,JPM,SELL,18,188.5
2006-07-12,GOOGL,BUY,43,206.29
2017-02-21,JPM,BUY,29,125.5
2022-09-30,GOOGL,BUY,37,154.82
2008-07-21,MSFT,SELL,35,280.72
2016-03-31,MSFT,BUY,40,260.56
2018-02-21,JPM,SELL,42,153.54
2017-09-01,GOOGL,BUY,29,50.37
2008-03-14,MSFT,SELL,39,280.8
2015-07-14,AAPL,SELL,34,248.62
2010-10-06,GOOGL,BUY,41,288.13
2020-05-01,GOOGL,BUY,47,114.46
2018-03-05,MSFT,BUY,30,290.19
2017-08-10,AAPL,BUY,22,128.54
2022-03-22,GOOGL,BUY,40,274.14
2006-01-25,JPM,BUY,43,216.13
2019-11-07,GOOGL,BUY,30,261.3
2019-02-05,AAPL,SELL,30,122.95
2006-12-25,GOOGL,BUY,32,298.65
2012-10-29,AAPL,BUY,37,104.78
2021-12-17,AAPL,SELL,21,184.57
2021-06-29,JPM,BUY,8,155.65
2008-03-31,AAPL,SELL,33,226.04
2020-02-05,MSFT,BUY,29,233.85
2022-01-18,GOOGL,SELL,48,110.33
2010-05-18,JPM,BUY,38,86.2
2009-04-28,JPM,SELL,44,222.03
2011-01-21,JPM,SELL,48,173.68
2015-09-11,AAPL,BUY,31,203.81
2021-12-17,JPM,SELL,37,288.69
2024-03-08,JPM,BUY,24,85.04
2020-07-02,MSFT,SELL,13,95.34
2016-04-28,GOOGL,SELL,24,104.65
2015-09-24,JPM,BUY,45,94.77
2012-10-01,GOOGL,BUY,18,84.45
2018-03-13,JPM,BUY,44,165.84
2009-07-13,AAPL,BUY,8,111.27
2019-03-18,GOOGL,BUY,28,218.38
2014-09-19,JPM,BUY,26,170.3
2006-07-14,JPM,BUY,21,223.64
2009-07-21,JPM,BUY,47,254.45
2019-03-08,MSFT,SELL,31,71.31
2017-02-03,MSFT,SELL,17,246.88
2006-12-04,GOOGL,SELL,32,267.76
2017-12-12,GOOGL,BUY,23,179.94
2018-12-24,MSFT,BUY,19,102.6
2012-05-22,GOOGL,BUY,26,172.87
2011-01-17,MSFT,BUY,5,254.57
2022-01-27,MSFT,SELL,40,154.88
2011-07-14,AAPL,SELL,5,276.45
2010-04-27,AAPL,SELL,27,51.47
2020-02-05,GOOGL,BUY,34,284.08
2010-10-29,GOOGL,BUY,42,186.2
2021-02-25,AAPL,SELL,49,135.29
2024-05-15,GOOGL,BUY,7,67.62
2007-12-28,AAPL,BUY,20,53.49
2019-07-26,GOOGL,BUY,48,264.95
2023-12-19,AAPL,BUY,33,219.93
2016-02-16,MSFT,SELL,7,133.98
2022-04-13,AAPL,BUY,10,87.92
2006-07-27,MSFT,BUY,12,135.73
2007-07-20,JPM,BUY,47,247.84
2017-02-22,MSFT,SELL,48,169.8
2011-03-22,MSFT,BUY,37,144.96
2012-03-06,GOOGL,BUY,8,66.47
2009-02-09,JPM,BUY,40,105.99
2023-07-25,JPM,BUY,41,78.4
2012-02-06,GOOGL,SELL,12,92.31
2017-07-20,JPM,BUY,20,220.36
2018-06-29,JPM,SELL,10,227.79
2006-11-22,JPM,SELL,29,285.89
2022-04-22,GOOGL,SELL,34,286.11
2009-03-27,JPM,SELL,12,281.34
2018-02-20,AAPL,BUY,18,201.19
2014-06-02,JPM,SELL,9,185.5
2010-02-23,MSFT,SELL,16,71.08
2015-08-17,AAPL,BUY,35,107.12
2024-08-20,GOOGL,SELL,28,167.68
2022-09-02,JPM,SELL,15,269.29
2006-06-06,MSFT,SELL,30,218.73
2022-02-24,GOOGL,BUY,24,57.5
2009-09-15,GOOGL,SELL,31,251.67
2012-04-16,AAPL,BUY,15,288.5
2014-06-02,JPM,BUY,30,93.92
2013-01-29,GOOGL,BUY,8,218.07
2014-12-29,JPM,BUY,16,153.13
2020-01-23,JPM,BUY,30,212.83
2013-08-01,JPM,BUY,33,79.86
2005-01-26,GOOGL,BUY,9,117.27
2006-03-20,GOOGL,BUY,6,64.76
2016-02-24,AAPL,BUY,5,127.11
2010-05-14,GOOGL,SELL,19,225.61
2016-08-25,JPM,BUY,18,192.65
2022-06-29,JPM,BUY,46,97.74
2018-09-21,GOOGL,BUY,29,148.17
2020-05-22,JPM,BUY,35,216.49
2018-07-09,GOOGL,SELL,12,218.38
2019-05-01,JPM,BUY,28,162.31
2022-04-20,AAPL,BUY,44,98.87
2016-03-08,AAPL,BUY,21,159.75
2007-05-23,AAPL,SELL,19,52.17
2009-08-13,GOOGL,BUY,13,64.92
2021-01-28,GOOGL,BUY,23,76.56
2009-03-11,AAPL,BUY,40,126.04
2022-11-03,GOOGL,BUY,46,287.08
2014-04-10,JPM,BUY,41,126.65
2008-08-27,GOOGL,SELL,20,281.03
2023-04-12,GOOGL,BUY,49,191.36
2006-06-07,MSFT,BUY,17,102.56
2019-05-23,MSFT,BUY,41,237.26
2022-11-14,GOOGL,BUY,35,291.32
2005-12-08,GOOGL,BUY,5,123.03
2019-12-25,AAPL,BUY,23,269.84
2024-10-18,GOOGL,BUY,17,179.66
2005-01-04,MSFT,BUY,36,262.86
2006-02-09,AAPL,BUY,10,225.99
2010-07-05,MSFT,BUY,16,134.65
2017-10-12,JPM,BUY,33,200.61
2021-12-15,GOOGL,BUY,19,89.0
2014-08-12,MSFT,BUY,10,183.47
2019-04-18,MSFT,BUY,9,216.94
2021-10-18,AAPL,SELL,16,114.09
2022-07-13,JPM,BUY,9,284.72
2010-12-29,MSFT,BUY,38,228.58
2008-03-19,MSFT,BUY,20,58.06
2016-02-08,JPM,BUY,23,291.1
2017-12-06,GOOGL,BUY,7,70.39
2021-04-05,MSFT,SELL,48,50.53
2009-01-30,AAPL,SELL,25,178.6
2018-07-23,GOOGL,BUY,41,165.72
2008-02-28,AAPL,BUY,20,152.63
2016-06-23,AAPL,BUY,7,80.15
2007-07-27,AAPL,BUY,6,165.22
2011-08-25,GOOGL,BUY,21,261.6
2010-12-16,AAPL,SELL,15,266.52
2016-04-11,MSFT,SELL,10,53.94
2009-10-14,AAPL,BUY,9,151.28
2024-09-18,AAPL,SELL,16,261.33
2024-11-06,GOOGL,BUY,22,75.04
2014-02-17,MSFT,BUY,43,143.81
2019-10-22,MSFT,BUY,29,272.57
2016-04-04,GOOGL,BUY,48,139.39
2010-05-19,AAPL,SELL,41,55.72
2024-03-14,MSFT,BUY,23,236.09
2017-11-27,AAPL,BUY,41,107.92
2021-01-26,JPM,BUY,26,140.23
2015-06-03,GOOGL,BUY,24,270.22
2014-10-17,JPM,BUY,35,174.7
2006-05-11,GOOGL,BUY,33,236.58
2023-06-19,GOOGL,BUY,37,113.3
2024-04-30,MSFT,BUY,13,288.73
2006-03-17,JPM,BUY,43,146.82
2010-03-01,MSFT,BUY,30,292.07
2014-04-11,MSFT,BUY,23,77.0
2010-01-12,JPM,BUY,39,281.44
2022-07-15,MSFT,BUY,48,137.04
2013-07-22,AAPL,BUY,6,164.42
2008-08-06,MSFT,BUY,36,282.53
2007-05-02,GOOGL,BUY,47,204.57
2021-03-03,GOOGL,SELL,28,289.35
2022-04-05,AAPL,SELL,33,96.21
2021-11-16,AAPL,BUY,15,152.03
2020-11-04,AAPL,BUY,16,131.69
2011-07-19,AAPL,BUY,38,54.85
2022-03-14,MSFT,BUY,27,163.13
2008-07-29,MSFT,SELL,16,270.58
2013-10-25,AAPL,BUY,21,52.54
2010-10-01,JPM,BUY,35,157.67
2011-11-30,MSFT,SELL,29,193.15
2016-07-19,JPM,SELL,33,268.78
2024-09-10,AAPL,SELL,9,238.64
2015-09-03,AAPL,BUY,6,299.28
2006-11-06,MSFT,BUY,38,133.25
2023-10-13,GOOGL,SELL,38,165.51
2017-03-23,JPM,BUY,36,243.63
2010-04-26,JPM,BUY,35,199.28
2021-05-25,MSFT,BUY,5,61.85
2017-10-18,MSFT,BUY,19,142.39
2005-07-26,GOOGL,BUY,13,216.63
2020-03-02,GOOGL,BUY,10,295.98
2018-04-18,JPM,BUY,7,98.65
2005-07-07,JPM,BUY,22,144.2
2006-03-23,JPM,BUY,39,202.62
2008-03-19,AAPL,BUY,11,122.59
2024-10-09,JPM,BUY,37,85.84
2012-03-16,MSFT,BUY,17,203.38
2014-10-06,GOOGL,BUY,23,65.01
2023-07-26,MSFT,BUY,24,97.45
2015-03-31,GOOGL,SELL,38,130.71
2022-06-16,AAPL,BUY,12,246.52
2011-08-26,GOOGL,SELL,13,123.49
2022-09-23,JPM,SELL,26,121.75
2019-09-12,JPM,BUY,6,116.65
2024-02-29,GOOGL,SELL,26,183.62
2023-04-25,JPM,SELL,33,279.64
2017-08-28,JPM,BUY,41,183.76
2022-05-25,AAPL,BUY,27,203.65
2021-10-26,MSFT,BUY,21,132.95
2020-01-16,MSFT,BUY,18,73.32
2007-03-01,JPM,SELL,49,57.29
2013-06-12,AAPL,BUY,46,189.22
2021-11-10,GOOGL,BUY,25,169.48
2011-04-07,GOOGL,BUY,37,80.13
2023-06-14,MSFT,BUY,44,280.6
2011-04-06,AAPL,BUY,5,125.14
2019-12-03,MSFT,SELL,13,240.82
2020-03-25,MSFT,SELL,39,162.19
2021-05-20,MSFT,BUY,30,66.91
2015-09-30,JPM,SELL,17,187.12
2019-09-27,MSFT,BUY,37,273.19
2014-10-15,JPM,BUY,22,274.48
2012-03-09,AAPL,BUY,34,261.03
2008-08-25,JPM,BUY,22,130.82
2010-05-12,GOOGL,BUY,7,229.17
2006-09-11,AAPL,SELL,49,262.22
2008-02-12,JPM,BUY,43,219.44
2011-07-22,MSFT,BUY,25,245.19
2015-01-16,MSFT,SELL,22,63.51
2024-11-01,JPM,BUY,6,89.4
2020-06-12,JPM,BUY,46,209.56
2024-03-21,GOOGL,SELL,34,158.93
2012-03-26,MSFT,SELL,35,85.01
2006-04-07,AAPL,BUY,44,140.79
2016-10-07,MSFT,BUY,15,209.69
2016-11-15,AAPL,BUY,14,162.85
2015-03-04,MSFT,BUY,27,107.92
2005-10-05,MSFT,SELL,21,258.47
2017-10-03,MSFT,SELL,29,216.01
2020-03-26,MSFT,BUY,13,178.84
2010-07-27,GOOGL,BUY,20,182.03
2016-01-13,MSFT,BUY,11,64.17
2010-04-08,AAPL,BUY,38,141.66
2017-06-23,JPM,SELL,37,180.93
2021-09-10,MSFT,BUY,22,218.14
2010-12-02,GOOGL,BUY,48,294.41
2011-10-26,AAPL,BUY,9,79.3
2009-06-22,AAPL,BUY,17,77.23
2023-08-09,MSFT,SELL,48,99.65
2018-07-31,JPM,SELL,21,129.23
2023-05-22,MSFT,SELL,39,102.98
2015-03-31,MSFT,BUY,9,106.71
2014-03-27,MSFT,BUY,9,85.93
2022-06-16,MSFT,BUY,11,260.24
2022-01-10,MSFT,SELL,7,239.34
2020-07-23,MSFT,BUY,22,225.14
2014-08-26,MSFT,BUY,49,92.08
2005-04-22,JPM,BUY,32,199.28
2022-09-15,GOOGL,SELL,15,223.41
2013-08-02,MSFT,BUY,35,271.99
2007-06-28,JPM,BUY,32,225.21
2011-05-26,MSFT,BUY,27,245.68
2013-07-02,AAPL,BUY,32,177.44
2016-10-11,AAPL,BUY,10,121.39
2008-12-09,AAPL,BUY,7,205.71
2009-06-03,MSFT,BUY,33,266.07
2017-05-04,GOOGL,BUY,28,156.19
2020-02-12,GOOGL,SELL,30,154.93
2013-11-15,GOOGL,SELL,44,127.38
2007-07-06,JPM,SELL,21,253.25
2014-12-31,GOOGL,SELL,15,115.31
2013-03-12,AAPL,BUY,47,159.64
2017-04-24,MSFT,SELL,8,298.75
2010-09-24,AAPL,BUY,26,294.87
2007-05-08,MSFT,BUY,43,298.04
2013-05-09,MSFT,BUY,45,77.93
2023-07-21,AAPL,SELL,39,212.68
2005-03-18,GOOGL,BUY,17,218.81
2015-05-04,AAPL,SELL,37,181.16
2007-05-08,AAPL,SELL,36,247.8
2011-09-07,AAPL,BUY,26,100.27
2019-01-23,MSFT,BUY,25,199.77
2010-03-04,JPM,BUY,49,215.8
2008-10-23,AAPL,BUY,16,69.82
2020-01-27,GOOGL,BUY,27,245.55
2017-02-23,MSFT,SELL,29,168.18
2018-03-12,AAPL,BUY,35,225.11
2005-05-18,JPM,BUY,45,139.68
2009-09-15,MSFT,BUY,30,78.32
2014-02-27,AAPL,BUY,22,138.78
2021-01-18,GOOGL,SELL,21,161.81
2022-12-28,MSFT,BUY,47,298.46
2024-09-06,JPM,BUY,35,283.56
2022-10-07,AAPL,BUY,9,169.11
2020-09-22,MSFT,BUY,36,163.96
2006-10-05,AAPL,BUY,43,188.57
2018-01-12,JPM,BUY,25,129.4
2020-05-25,GOOGL,BUY,44,63.83
2024-10-11,AAPL,BUY,9,129.95
2024-06-12,JPM,BUY,24,244.05
2009-10-14,MSFT,SELL,21,169.34
2011-10-27,AAPL,BUY,7,207.62
2018-03-05,MSFT,SELL,17,229.85
2005-02-04,AAPL,BUY,45,233.5
2006-10-25,AAPL,BUY,32,207.41
2005-04-29,JPM,SELL,29,280.88
2011-03-11,JPM,BUY,49,186.36
2023-04-28,AAPL,SELL,5,287.54
2023-12-22,GOOGL,BUY,49,243.66
2023-06-23,MSFT,BUY,18,87.88
2020-07-08,GOOGL,BUY,26,224.19
2018-12-24,JPM,BUY,24,237.12
2009-10-23,MSFT,BUY,17,268.63
2016-11-09,GOOGL,BUY,12,251.06
2024-06-19,MSFT,BUY,43,198.8
2012-10-22,GOOGL,BUY,19,212.7
2009-03-18,JPM,SELL,48,70.93
2009-01-29,AAPL,BUY,45,170.82
2019-12-18,MSFT,BUY,28,293.64
2023-11-27,GOOGL,SELL,43,164.21
2016-08-26,MSFT,BUY,20,269.72
2022-08-08,MSFT,BUY,19,291.94
2017-01-13,GOOGL,SELL,35,232.28
2012-12-04,JPM,BUY,47,286.3
2011-10-28,GOOGL,BUY,12,55.91
2015-11-11,AAPL,BUY,42,285.72
2008-06-03,GOOGL,BUY,29,261.78
2017-11-06,AAPL,SELL,16,260.98
2013-08-14,MSFT,BUY,12,281.27
2007-03-08,MSFT,SELL,26,66.19
2014-01-21,MSFT,SELL,19,114.32
2019-01-15,AAPL,BUY,33,183.11
2021-12-09,MSFT,BUY,11,157.43
2018-10-12,MSFT,SELL,18,94.99
2024-08-29,MSFT,BUY,15,212.09
2007-03-23,MSFT,BUY,32,243.47
2014-01-30,JPM,BUY,26,236.4
2010-08-10,MSFT,BUY,32,125.76
2008-06-12,GOOGL,BUY,36,104.78
2021-07-05,AAPL,BUY,35,94.5
2016-11-02,MSFT,BUY,18,185.45
2021-10-08,AAPL,BUY,5,62.22
2023-12-11,AAPL,BUY,25,104.88
2021-05-31,JPM,BUY,35,245.12
2012-10-17,MSFT,BUY,23,132.82
2018-07-23,GOOGL,BUY,35,182.57
2021-06-30,AAPL,SELL,8,198.95
2023-02-24,JPM,BUY,15,77.32
2005-02-23,AAPL,BUY,25,105.82
2022-03-30,GOOGL,SELL,13,269.38
2023-05-23,JPM,BUY,40,296.54
2016-06-21,AAPL,BUY,42,208.53
2024-01-23,JPM,BUY,43,178.98
2005-05-17,AAPL,BUY,10,263.0
2024-11-05,GOOGL,SELL,11,81.6
2006-12-26,GOOGL,BUY,15,202.46
2006-02-10,GOOGL,BUY,19,61.68
2012-03-13,JPM,SELL,34,53.52
2017-10-25,GOOGL,BUY,22,298.05
2024-11-19,JPM,BUY,33,251.26
2019-12-27,MSFT,SELL,19,268.33
2023-01-23,GOOGL,BUY,49,65.5
2024-06-17,GOOGL,BUY,15,277.05
2022-02-08,GOOGL,BUY,40,216.96
2020-01-22,JPM,SELL,6,196.46
2012-10-17,AAPL,BUY,43,292.88
2023-04-28,GOOGL,BUY,21,176.6
2020-03-25,JPM,BUY,48,156.95
2021-07-14,JPM,SELL,44,71.07
2019-07-23,MSFT,SELL,45,157.14
2010-03-17,JPM,SELL,32,231.54
2009-12-21,JPM,BUY,49,148.81
2012-06-07,JPM,BUY,30,232.91
2021-04-13,JPM,BUY,45,54.33
2019-02-25,JPM,SELL,29,65.6
2023-10-31,AAPL,BUY,39,203.14
2005-05-02,AAPL,BUY,8,100.41
2011-03-25,GOOGL,BUY,49,77.43
2015-06-26,MSFT,BUY,14,78.56
2016-03-07,GOOGL,SELL,20,161.59
2011-11-07,JPM,BUY,16,141.54
2017-06-12,AAPL,SELL,11,257.31
2011-06-09,AAPL,SELL,5,89.0
2022-04-21,GOOGL,BUY,13,239.41
2006-01-25,MSFT,BUY,16,121.3
2005-11-11,MSFT,BUY,6,173.82
2021-04-27,MSFT,SELL,9,152.22
2024-07-17,AAPL,BUY,9,218.48
2006-09-15,GOOGL,SELL,7,106.2
2010-01-21,GOOGL,SELL,30,102.74
2016-12-16,MSFT,SELL,21,227.45
2013-11-06,AAPL,BUY,24,261.53
2023-12-08,MSFT,BUY,34,213.06
2013-09-18,MSFT,SELL,32,72.25
2018-08-13,MSFT,SELL,20,198.6
2021-03-10,JPM,BUY,45,291.88
2023-11-16,MSFT,SELL,38,119.16
2008-08-04,AAPL,SELL,46,175.26
2007-06-26,GOOGL,BUY,17,279.65
2011-08-03,MSFT,SELL,39,292.97
2007-05-29,GOOGL,SELL,45,122.48
2012-05-31,AAPL,SELL,14,253.73
2007-07-16,MSFT,SELL,27,167.3
2017-01-24,MSFT,BUY,29,179.0
2009-04-24,AAPL,SELL,12,193.47
2021-01-12,AAPL,BUY,8,191.62
2007-03-14,AAPL,BUY,45,240.96
2021-12-15,JPM,SELL,43,274.9
2014-06-03,GOOGL,SELL,13,231.0
2018-08-29,MSFT,BUY,11,171.93
2021-06-18,AAPL,BUY,14,268.03
2017-04-17,AAPL,BUY,20,151.77
2022-08-01,AAPL,SELL,33,204.45
2020-05-06,AAPL,BUY,19,280.08
2011-04-22,GOOGL,SELL,16,154.6
2007-08-16,MSFT,SELL,10,144.99
2014-10-31,GOOGL,BUY,17,208.84
2006-06-13,MSFT,BUY,37,226.06
2005-07-11,MSFT,BUY,45,226.97
2012-09-28,GOOGL,BUY,27,222.14
2005-06-07,AAPL,SELL,27,234.37
2017-03-23,AAPL,SELL,5,220.58
2012-01-13,MSFT,BUY,17,283.35
2013-08-28,JPM,BUY,40,244.43
2008-04-21,GOOGL,BUY,24,63.17
2009-02-06,AAPL,BUY,42,200.98
2007-04-18,MSFT,BUY,49,211.34
2022-03-16,GOOGL,BUY,26,97.99
2019-11-14,MSFT,BUY,47,139.16
2019-11-29,MSFT,BUY,9,57.92
2005-01-03,AAPL,SELL,17,133.23
2022-09-23,GOOGL,SELL,13,236.12
2016-08-05,AAPL,BUY,17,107.12
2017-06-09,JPM,BUY,33,133.57
2009-04-06,AAPL,SELL,20,225.25
2023-04-24,GOOGL,BUY,41,63.82
2018-05-09,AAPL,BUY,33,241.74
2007-10-12,JPM,BUY,16,279.49
2019-11-14,JPM,BUY,44,124.25
2016-09-20,AAPL,BUY,11,251.75
2019-11-27,MSFT,BUY,39,75.77
2018-06-07,AAPL,BUY,21,95.04
2009-02-26,GOOGL,BUY,15,179.65
2005-05-10,MSFT,BUY,36,186.91
2011-10-28,JPM,SELL,7,103.36
2014-12-29,MSFT,BUY,26,248.05
2014-10-08,JPM,SELL,20,173.6
2022-06-17,AAPL,BUY,21,50.92
2023-12-06,MSFT,BUY,14,284.03
2007-01-03,MSFT,BUY,47,145.52
2016-12-14,GOOGL,BUY,29,168.47
2017-04-20,GOOGL,BUY,9,238.54
2018-03-01,JPM,BUY,25,146.26
2016-03-17,GOOGL,BUY,17,272.63
2021-04-14,GOOGL,SELL,44,221.95
2010-03-10,JPM,SELL,44,257.1
2021-06-25,MSFT,BUY,18,285.28
2023-07-06,MSFT,BUY,10,138.47
2012-05-17,GOOGL,BUY,28,246.33
2006-07-19,AAPL,BUY,23,267.18
2006-05-19,GOOGL,SELL,41,281.16
2013-08-27,JPM,BUY,42,213.09
2010-05-19,AAPL,SELL,35,236.55
2021-11-15,JPM,SELL,46,122.06
2021-09-28,MSFT,BUY,15,235.47
2011-05-16,JPM,BUY,16,159.62
2020-08-21,MSFT,BUY,41,112.28
2022-02-18,JPM,SELL,17,99.8
2014-04-03,AAPL,BUY,37,161.61
2019-01-15,JPM,BUY,37,164.19
2013-12-16,GOOGL,SELL,30,242.74
2024-05-27,MSFT,BUY,13,96.38
2021-10-25,AAPL,BUY,41,270.46
2020-11-17,JPM,BUY,32,75.56
2023-04-19,JPM,BUY,15,122.93
2015-01-13,AAPL,BUY,21,291.42
2013-02-14,AAPL,BUY,34,148.55
2008-03-14,MSFT,BUY,40,242.82
2005-07-29,JPM,SELL,9,170.2
2019-01-28,AAPL,BUY,13,123.28
2021-11-26,JPM,BUY,23,57.95
2012-11-27,JPM,SELL,16,133.64
2023-03-16,AAPL,BUY,37,204.27
2013-11-21,JPM,SELL,9,249.54
2010-11-26,AAPL,SELL,17,60.14
2017-02-17,JPM,BUY,15,283.37
2009-10-13,GOOGL,BUY,16,262.15
2014-12-23,GOOGL,SELL,11,81.63
2015-08-26,MSFT,BUY,23,93.21
2008-09-15,GOOGL,BUY,46,61.21
2017-06-20,GOOGL,BUY,19,154.83
2012-04-27,AAPL,BUY,38,291.55
2016-12-19,MSFT,BUY,6,234.77
2008-01-25,MSFT,BUY,10,233.07
2006-11-24,MSFT,BUY,38,102.53
2016-08-03,GOOGL,BUY,24,218.82
2022-04-01,GOOGL,BUY,19,227.1
2019-06-12,AAPL,BUY,21,119.78
2013-01-24,GOOGL,SELL,45,165.62
2019-08-30,GOOGL,BUY,22,103.54
2016-07-06,MSFT,BUY,20,184.46
2015-09-14,MSFT,BUY,29,132.28
2010-03-25,MSFT,SELL,40,221.84
2020-03-25,GOOGL,BUY,32,56.0
2009-02-06,MSFT,BUY,26,176.69
2020-12-17,MSFT,BUY,35,155.87
2021-04-08,GOOGL,BUY,29,166.68
2017-04-04,AAPL,BUY,21,271.2
2015-11-13,JPM,BUY,16,50.65
2006-01-12,GOOGL,BUY,10,274.26
2023-12-04,JPM,BUY,41,61.53
2018-06-11,AAPL,BUY,20,77.32
2018-03-20,GOOGL,BUY,44,82.0
2022-04-19,JPM,BUY,5,77.18
2024-11-21,AAPL,SELL,45,281.2
2010-03-23,AAPL,BUY,10,72.97
2007-05-11,AAPL,BUY,38,233.32
2024-03-04,JPM,SELL,38,286.28
2006-01-16,MSFT,BUY,8,51.14
2010-11-17,JPM,SELL,34,248.07
2013-04-11,JPM,BUY,38,268.69
2017-02-01,MSFT,BUY,19,280.75
2008-03-03,GOOGL,BUY,5,75.9
2015-10-01,AAPL,BUY,45,190.62
2010-08-04,AAPL,BUY,18,206.47
2021-02-16,MSFT,BUY,5,153.45
2006-06-14,JPM,BUY,26,92.27
2021-11-02,GOOGL,BUY,44,255.33
2011-08-16,AAPL,BUY,41,236.51
2013-11-19,GOOGL,BUY,21,173.97
2006-11-03,MSFT,BUY,6,55.3
2018-01-18,MSFT,SELL,6,144.01
2008-05-19,GOOGL,BUY,15,133.19
2009-12-16,GOOGL,BUY,20,241.08
2018-09-19,GOOGL,BUY,37,215.2
2011-01-31,AAPL,BUY,44,179.2
2007-02-16,GOOGL,BUY,5,272.39
2016-01-01,GOOGL,SELL,46,197.7
2013-03-07,AAPL,SELL,11,78.89
2008-06-13,GOOGL,BUY,21,135.1
2024-09-13,GOOGL,BUY,40,265.02
2019-07-17,AAPL,BUY,33,139.68
2014-05-15,JPM,BUY,37,162.26
2019-04-04,MSFT,SELL,22,194.55
2012-02-08,MSFT,BUY,25,299.14
2015-07-14,GOOGL,BUY,43,177.26
2008-09-18,GOOGL,BUY,46,70.66
2007-08-06,MSFT,BUY,29,56.83
2013-02-07,GOOGL,BUY,30,241.11
2022-12-26,MSFT,SELL,15,102.1
2018-06-27,AAPL,SELL,18,298.54
2024-04-17,MSFT,BUY,49,231.84
2013-12-20,GOOGL,BUY,14,184.72
2024-11-14,JPM,BUY,16,277.52
2007-11-13,JPM,BUY,15,269.78
2024-07-26,MSFT,BUY,14,202.52
2007-01-09,JPM,BUY,21,269.46
2005-05-03,GOOGL,BUY,32,211.17
2015-02-11,MSFT,SELL,22,250.15
2009-04-27,MSFT,SELL,25,225.43
2016-06-30,GOOGL,SELL,21,240.45
2024-01-31,MSFT,BUY,49,189.76
2005-08-03,GOOGL,SELL,38,298.94
2013-06-27,AAPL,SELL,49,75.61
2012-08-07,JPM,SELL,12,60.08
2012-08-01,AAPL,BUY,23,117.27
2006-11-10,AAPL,SELL,40,172.32
2013-03-12,JPM,SELL,28,103.85
2014-11-18,GOOGL,SELL,41,62.87
2019-04-19,AAPL,BUY,12,119.7
2010-12-31,GOOGL,BUY,18,155.23
2018-01-04,JPM,SELL,28,199.7
2019-04-12,GOOGL,SELL,19,218.22
2016-10-20,GOOGL,BUY,18,94.26
2023-09-26,AAPL,BUY,26,229.32
2016-05-25,JPM,BUY,21,230.07
2011-01-18,AAPL,SELL,12,192.22
2012-08-22,JPM,BUY,18,90.83
2009-09-24,JPM,BUY,14,65.61
2008-03-11,GOOGL,SELL,28,93.48
2007-11-12,MSFT,SELL,24,132.45
2022-03-18,JPM,BUY,20,85.42
2019-02-15,MSFT,BUY,37,167.55
2010-11-16,AAPL,SELL,27,89.09
2006-10-02,AAPL,SELL,5,176.82
2016-07-20,GOOGL,SELL,18,51.84
2022-02-04,MSFT,BUY,32,185.96
2023-08-07,GOOGL,SELL,26,184.4
2017-10-05,JPM,BUY,26,263.3
2014-05-08,MSFT,BUY,20,189.45
2018-05-15,JPM,SELL,11,181.35
2018-01-12,JPM,SELL,18,206.58
2019-07-12,MSFT,SELL,22,108.72
2021-10-15,MSFT,BUY,11,158.9
2019-01-04,GOOGL,SELL,6,194.68
2017-02-20,JPM,SELL,23,162.64
2007-05-17,AAPL,SELL,32,282.6
2021-04-28,JPM,BUY,33,238.32
2017-11-13,JPM,BUY,30,280.78
2005-10-19,GOOGL,BUY,41,131.68
2022-04-06,GOOGL,BUY,25,50.09
2005-10-04,GOOGL,BUY,48,286.59
2024-10-04,MSFT,BUY,30,197.16
2012-03-07,JPM,BUY,45,293.94
2022-10-10,JPM,BUY,47,145.34
2017-02-28,JPM,BUY,14,207.25
2023-06-07,AAPL,BUY,16,131.32
2021-06-04,JPM,BUY,14,153.74
2018-06-11,GOOGL,BUY,21,152.3
2013-04-19,JPM,SELL,20,273.0
2018-10-10,GOOGL,SELL,16,222.13
2016-06-09,MSFT,SELL,21,169.91
2021-07-19,MSFT,BUY,46,120.6
2014-05-01,JPM,BUY,30,64.32
2012-05-22,GOOGL,BUY,24,137.85
2005-12-15,JPM,BUY,22,248.46
2009-07-31,AAPL,BUY,23,222.81
2009-05-12,AAPL,BUY,11,154.87
2008-08-21,GOOGL,SELL,31,243.05
2014-12-29,GOOGL,BUY,41,251.51
2017-11-30,MSFT,BUY,46,155.31
2018-06-14,MSFT,BUY,22,243.72
2014-07-09,GOOGL,BUY,24,165.02
2008-06-10,GOOGL,SELL,27,245.37
2020-12-22,AAPL,BUY,44,232.84
2008-10-21,AAPL,SELL,23,242.89
2018-01-10,AAPL,SELL,44,188.2
2017-12-15,AAPL,BUY,22,172.05
2011-12-14,GOOGL,SELL,15,228.1
2022-08-26,GOOGL,SELL,23,186.1
2020-02-04,MSFT,BUY,15,164.09
2012-05-30,JPM,BUY,9,294.48
2020-07-03,JPM,BUY,26,96.6
2022-08-15,JPM,SELL,44,235.21
2007-11-05,MSFT,BUY,42,156.85
2015-11-16,MSFT,SELL,38,219.84
2007-03-05,JPM,BUY,14,299.16
2006-10-10,GOOGL,BUY,35,164.12
2023-06-06,GOOGL,BUY,21,157.29
2017-02-22,MSFT,BUY,49,273.63
2012-12-31,MSFT,BUY,14,138.43
2014-06-18,MSFT,BUY,41,54.35
2016-02-10,AAPL,BUY,7,235.68
2013-01-04,MSFT,SELL,19,87.28
2016-09-22,GOOGL,BUY,45,155.47
2010-09-17,GOOGL,BUY,9,295.69
2011-12-29,AAPL,SELL,47,283.25
2021-08-12,MSFT,SELL,43,63.23
2015-01-26,GOOGL,BUY,23,80.4
2019-06-14,GOOGL,SELL,17,233.28
2015-04-10,JPM,BUY,45,226.92
2017-07-26,GOOGL,BUY,5,290.78
2005-04-08,GOOGL,BUY,25,150.49
2020-04-01,GOOGL,BUY,30,115.39
2016-07-25,JPM,BUY,45,84.24
2005-09-28,AAPL,SELL,32,174.47
2005-06-30,GOOGL,SELL,21,54.48
2014-12-26,JPM,SELL,36,223.29
2017-07-27,GOOGL,BUY,31,190.08
2009-10-20,MSFT,BUY,7,256.86
2018-12-19,JPM,BUY,18,88.17
2021-04-16,AAPL,BUY,48,56.62
2007-12-03,JPM,BUY,44,242.61
2006-01-17,JPM,BUY,15,88.65
2020-03-30,GOOGL,BUY,30,67.42
2017-03-03,MSFT,BUY,33,231.24
2019-11-28,GOOGL,BUY,22,271.27
2009-02-12,JPM,BUY,6,196.09
2023-08-15,JPM,SELL,45,190.05
2012-02-09,MSFT,BUY,37,290.16
2024-07-17,MSFT,SELL,37,298.34
2021-10-05,MSFT,SELL,36,161.86
2011-08-16,AAPL,SELL,42,84.06
2011-05-31,AAPL,BUY,23,98.38
2023-08-24,GOOGL,SELL,35,210.09
2022-08-02,GOOGL,BUY,7,197.44
2021-08-23,GOOGL,BUY,14,290.59
2005-10-03,MSFT,BUY,15,156.97
2009-09-21,GOOGL,BUY,18,134.77
2008-11-24,JPM,BUY,8,178.21
2016-09-16,MSFT,BUY,37,146.55
2016-09-22,GOOGL,BUY,8,99.62
2012-03-23,JPM,BUY,24,113.21
2021-12-20,MSFT,BUY,24,150.28
2013-06-27,JPM,BUY,9,280.33
2015-09-14,AAPL,SELL,7,227.33
2017-11-27,JPM,BUY,21,181.34
2007-05-08,MSFT,BUY,10,258.3
2020-11-20,MSFT,SELL,44,231.57
2022-10-31,GOOGL,BUY,48,159.28
2013-06-20,GOOGL,BUY,28,253.01
2024-06-25,JPM,BUY,39,62.79
2014-12-12,MSFT,BUY,46,290.54
2010-11-24,AAPL,BUY,7,92.67
2021-01-26,JPM,BUY,5,197.31
2022-06-06,GOOGL,SELL,42,158.4
2011-09-06,GOOGL,SELL,29,58.27
2009-12-10,GOOGL,BUY,43,155.37
2013-02-15,GOOGL,BUY,31,149.44
2017-03-20,AAPL,SELL,44,208.16
2021-08-05,GOOGL,BUY,40,279.08
2018-09-28,MSFT,BUY,29,298.26
2005-05-04,AAPL,BUY,7,127.28
2010-02-15,GOOGL,BUY,24,166.42
2012-12-05,GOOGL,SELL,15,114.69
2006-05-19,AAPL,BUY,29,62.91
2005-05-19,JPM,BUY,25,85.14
2021-01-11,MSFT,BUY,18,152.3
2012-05-02,GOOGL,BUY,7,72.49
2008-03-13,JPM,BUY,10,285.03
2011-03-15,AAPL,BUY,33,89.33
2017-01-27,GOOGL,BUY,28,248.47
2011-03-29,GOOGL,SELL,14,103.1
2022-08-08,MSFT,BUY,32,180.53
2007-07-31,AAPL,BUY,25,151.11
2021-04-13,MSFT,SELL,21,89.23
2017-07-26,GOOGL,BUY,35,69.32
2022-11-02,GOOGL,BUY,28,124.38
2024-03-26,GOOGL,BUY,32,218.83
2023-05-29,MSFT,SELL,31,172.82
2006-03-10,GOOGL,BUY,41,232.26
2011-04-22,AAPL,BUY,33,114.63
2015-12-15,GOOGL,SELL,25,130.41
2023-06-29,MSFT,SELL,20,163.0
2013-04-22,AAPL,BUY,14,183.26
2017-09-15,JPM,BUY,14,260.16
2017-11-30,GOOGL,BUY,24,157.52
2019-10-18,GOOGL,SELL,41,296.14
2019-12-30,GOOGL,BUY,15,74.56
2008-07-29,MSFT,BUY,45,120.67
2022-02-18,GOOGL,SELL,17,267.44
2024-08-05,MSFT,BUY,44,77.49
2012-09-28,MSFT,SELL,22,239.62
2012-03-15,AAPL,BUY,26,129.52
2009-03-24,AAPL,SELL,44,209.92
2018-09-05,GOOGL,SELL,42,89.85
2007-06-25,JPM,BUY,40,262.13
2018-12-13,GOOGL,BUY,11,73.59
2011-06-13,GOOGL,BUY,49,258.68
2015-07-16,MSFT,BUY,40,85.19
2024-05-07,MSFT,BUY,19,104.96
2021-02-12,JPM,BUY,25,293.68
2005-04-05,MSFT,BUY,39,207.04
2020-07-08,AAPL,SELL,13,54.05
2015-07-27,AAPL,SELL,34,293.42
2018-09-24,MSFT,BUY,49,150.44
2011-02-07,MSFT,SELL,9,105.72
2005-01-05,AAPL,BUY,22,65.6
2023-05-19,GOOGL,SELL,32,165.39
2023-09-15,JPM,SELL,47,168.9
2017-05-15,AAPL,BUY,41,233.4
2008-08-28,GOOGL,SELL,12,206.03
2009-05-20,MSFT,SELL,12,284.73
2012-02-13,JPM,BUY,42,223.55
2020-05-18,GOOGL,BUY,32,290.82
2020-02-17,MSFT,BUY,14,280.96
2022-09-27,MSFT,BUY,34,129.74
2019-08-14,GOOGL,BUY,37,240.45
2011-08-25,AAPL,BUY,13,76.73
2018-03-02,JPM,BUY,20,151.08
2009-04-08,MSFT,SELL,6,275.3
2009-07-28,MSFT,BUY,8,296.09
2010-11-12,GOOGL,BUY,26,224.09
2005-06-30,MSFT,BUY,30,60.87
2016-04-18,AAPL,SELL,19,254.94
2024-08-05,AAPL,BUY,47,183.6
2023-01-12,AAPL,BUY,8,249.26
